hr,cnt
0,36.78629032258065
1,16.55263157894737
2,8.683778234086242
3,4.9425531914893615
4,5.4297872340425535
5,24.913131313131313
6,102.5
7,290.61290322580646
8,477.00604838709677
9,241.51814516129033
10,135.36693548387098
11,158.2298387096774
12,200.8209255533199
13,198.429718875502
14,183.5722891566265
15,201.33132530120483
16,293.12224448897797
17,525.2905811623247
18,492.2269076305221
19,348.4016064257028
20,249.71887550200802
21,186.2871485943775
22,138.38955823293173
23,88.70883534136546
